room_id,survey_id,host_id,room_type,city,reviews,overall_satisfaction,accommodates,bedrooms,price
15771735,1498,101992409,Shared room,Asheville,0,0,4,1,67
18284194,1498,126414164,Shared room,Asheville,32,5,4,1,76
18091012,1498,122380971,Shared room,Asheville,4,4.5,2,1,45
12286328,1498,746673,Shared room,Asheville,24,4.5,6,1,26
156926,1498,746673,Shared room,Asheville,152,4.5,6,1,26
12989718,1498,746673,Shared room,Asheville,20,4.5,4,1,26
6765734,1498,746673,Shared room,Asheville,52,4.5,5,1,26
16185806,1498,48579050,Shared room,Asheville,14,4.5,2,1,20
9562953,1498,7835259,Entire home/apt,Asheville,3,5,6,3,46
16211914,1498,100026513,Entire home/apt,Asheville,30,5,5,2,150
15132769,1498,6837985,Entire home/apt,Asheville,21,5,4,0,88
18615224,1498,113219123,Entire home/apt,Asheville,10,5,4,1,99
14805266,1498,64825951,Entire home/apt,Asheville,12,5,3,1,144
15780601,1498,88468262,Entire home/apt,Asheville,23,5,4,1,109
14489067,1498,45315603,Entire home/apt,Asheville,6,5,3,1,112
19787532,1498,139692951,Entire home/apt,Asheville,0,0,4,1,105
4895765,1498,5035186,Entire home/apt,Asheville,225,5,4,1,115
15467289,1498,96294317,Entire home/apt,Asheville,43,4.5,4,1,104
11811039,1498,2566529,Entire home/apt,Asheville,48,5,4,1,95
17794306,1498,109638953,Entire home/apt,Asheville,48,5,5,1,100
17992163,1498,33316174,Entire home/apt,Asheville,1,0,4,2,75
1223655,1498,427027,Entire home/apt,Asheville,30,5,12,4,288
9794899,1498,50478143,Entire home/apt,Asheville,17,5,4,1,205
840696,1498,4390477,Entire home/apt,Asheville,218,5,4,3,224
19629824,1498,9216883,Entire home/apt,Asheville,0,0,8,3,249
12711954,1498,48937991,Entire home/apt,Asheville,0,0,6,4,195
18928361,1498,96462574,Entire home/apt,Asheville,0,0,8,3,199
18287668,1498,45577907,Entire home/apt,Asheville,5,5,5,3,195
15850674,1498,3972304,Entire home/apt,Asheville,10,5,6,3,200
19673542,1498,10074261,Entire home/apt,Asheville,0,0,6,3,198
13397329,1498,48532125,Entire home/apt,Asheville,26,5,5,2,150
8895397,1498,2661590,Entire home/apt,Asheville,31,5,4,2,159
16774726,1498,111386122,Entire home/apt,Asheville,28,5,5,2,150
444540,1498,2208876,Entire home/apt,Asheville,92,5,2,1,140
19229221,1498,427027,Entire home/apt,Asheville,1,0,4,0,150
2843256,1498,2939506,Entire home/apt,Asheville,101,5,7,3,175
15481467,1498,9189011,Entire home/apt,Asheville,44,5,4,2,175
3404146,1498,17167852,Entire home/apt,Asheville,30,5,4,2,139
4854313,1498,12516488,Entire home/apt,Asheville,1,0,5,2,125
4830661,1498,9462156,Entire home/apt,Asheville,47,5,4,1,134
11672259,1498,48528642,Entire home/apt,Asheville,23,5,5,1,125
12144656,1498,43818498,Entire home/apt,Asheville,28,5,4,2,123
19871793,1498,107530088,Entire home/apt,Asheville,0,0,2,1,125
15995355,1498,62667,Entire home/apt,Asheville,25,5,3,1,125
5213038,1498,16596642,Entire home/apt,Asheville,171,5,6,2,130
14757919,1498,13282355,Entire home/apt,Asheville,30,5,2,1,130
14052114,1498,2553058,Entire home/apt,Asheville,19,5,4,2,139
6686924,1498,16339042,Entire home/apt,Asheville,75,5,5,2,135
7810101,1498,41116459,Entire home/apt,Asheville,0,0,4,1,120
11242744,1498,58634762,Entire home/apt,Asheville,38,5,4,2,119
14168464,1498,23092470,Entire home/apt,Asheville,86,5,4,1,107
14731106,1498,91729665,Entire home/apt,Asheville,30,5,4,2,104
9022608,1498,34263964,Entire home/apt,Asheville,142,5,5,2,119
18912728,1498,52648308,Entire home/apt,Asheville,2,0,4,1,115
18178954,1498,5366546,Entire home/apt,Asheville,12,5,4,2,107
13479400,1498,67061733,Entire home/apt,Asheville,28,5,4,2,119
9935590,1498,14320569,Entire home/apt,Asheville,27,5,2,2,115
15204868,1498,20583452,Entire home/apt,Asheville,43,5,4,1,110
12052034,1498,3114042,Entire home/apt,Asheville,49,5,2,1,110
7997863,1498,9878339,Entire home/apt,Asheville,28,5,5,2,89
3968877,1498,11584674,Entire home/apt,Asheville,41,5,3,0,95
3268390,1498,16526258,Entire home/apt,Asheville,147,5,2,0,95
17908639,1498,13167283,Entire home/apt,Asheville,8,5,6,2,89
1711119,1498,6705868,Entire home/apt,Asheville,5,5,2,1,85
1290287,1498,7016627,Entire home/apt,Asheville,24,5,5,3,88
14963589,1498,47114362,Entire home/apt,Asheville,50,5,2,1,81
7665386,1498,40234911,Entire home/apt,Asheville,103,4.5,4,1,85
4124504,1498,11006041,Entire home/apt,Asheville,175,5,4,2,99
5696919,1498,29536562,Entire home/apt,Asheville,79,5,4,2,99
5851392,1498,5664205,Entire home/apt,Asheville,32,4.5,3,1,95
6970329,1498,36535942,Entire home/apt,Asheville,73,5,4,2,97
13258472,1498,1994122,Entire home/apt,Asheville,68,5,2,1,99
19264539,1498,42676282,Entire home/apt,Asheville,1,0,2,1,95
13340576,1498,12585232,Entire home/apt,Asheville,66,5,2,1,95
15343687,1498,29602697,Entire home/apt,Asheville,47,5,2,1,90
15009020,1498,22262863,Entire home/apt,Asheville,39,5,4,2,99
16566932,1498,109123783,Entire home/apt,Asheville,1,0,4,2,85
8799413,1498,46109359,Entire home/apt,Asheville,155,5,2,1,90
13716891,1498,7429638,Entire home/apt,Asheville,97,5,2,1,89
15685101,1498,16261203,Entire home/apt,Asheville,46,5,4,1,86
14430828,1498,19598083,Entire home/apt,Asheville,32,5,4,1,75
18910863,1498,27754937,Entire home/apt,Asheville,6,5,6,2,69
12970301,1498,961396,Entire home/apt,Asheville,58,5,3,1,78
19273710,1498,56347978,Entire home/apt,Asheville,7,5,6,2,65
3945733,1498,20447538,Entire home/apt,Asheville,202,4.5,3,0,68
3455514,1498,17383261,Entire home/apt,Asheville,121,5,2,1,79
8983489,1498,167564,Entire home/apt,Asheville,100,4.5,3,1,79
6869894,1498,4580875,Entire home/apt,Asheville,141,5,3,1,78
2326086,1498,2307713,Entire home/apt,Asheville,131,5,4,1,79
3649639,1498,18450336,Entire home/apt,Asheville,193,5,4,1,60
6234618,1498,32351091,Entire home/apt,Asheville,86,5,2,1,55
17750453,1498,9216883,Entire home/apt,Asheville,35,5,8,2,48
19472469,1498,136622148,Entire home/apt,Asheville,4,5,5,2,55
1243512,1498,427027,Entire home/apt,Asheville,26,5,16,10,2222
18875905,1498,96187307,Entire home/apt,Asheville,0,0,17,7,5000
18192104,1498,119003688,Entire home/apt,Asheville,0,0,10,5,1250
17893818,1498,427027,Entire home/apt,Asheville,0,0,12,4,930
17893645,1498,427027,Entire home/apt,Asheville,2,0,6,2,540
18248623,1498,96187307,Entire home/apt,Asheville,0,0,12,4,600
8813084,1498,2044026,Entire home/apt,Asheville,11,5,4,2,400
17606368,1498,96187307,Entire home/apt,Asheville,0,0,12,5,450
16937972,1498,96187307,Entire home/apt,Asheville,0,0,5,2,325
17606369,1498,96187307,Entire home/apt,Asheville,1,0,5,2,325
16937957,1498,96187307,Entire home/apt,Asheville,4,5,10,3,315
16937969,1498,96187307,Entire home/apt,Asheville,4,4.5,5,2,325
14803947,1498,18513600,Entire home/apt,Asheville,10,5,6,3,450
17866138,1498,427027,Entire home/apt,Asheville,2,0,6,2,465
4226713,1498,21935451,Entire home/apt,Asheville,50,5,10,5,475
12401202,1498,67057274,Entire home/apt,Asheville,7,5,6,2,350
3984596,1498,8260778,Entire home/apt,Asheville,82,4.5,10,5,425
5839119,1498,30315956,Entire home/apt,Asheville,46,5,10,4,485
14884802,1498,6074062,Entire home/apt,Asheville,31,5,12,4,400
16490888,1498,6543726,Entire home/apt,Asheville,2,0,11,4,395
17278181,1498,109545616,Entire home/apt,Asheville,18,5,8,3,400
12972968,1498,23026854,Entire home/apt,Asheville,48,5,6,2,400
16607736,1498,397780,Entire home/apt,Asheville,5,5,3,2,350
5481195,1498,28424329,Entire home/apt,Asheville,61,5,6,2,450
15358166,1498,98016924,Entire home/apt,Asheville,25,5,5,2,375
18751432,1498,130451455,Entire home/apt,Asheville,2,0,8,3,330
12377575,1498,2992564,Entire home/apt,Asheville,29,5,6,3,425
3694260,1498,2759944,Entire home/apt,Asheville,1,0,5,2,250
16937958,1498,96187307,Entire home/apt,Asheville,0,0,6,2,300
16937967,1498,96187307,Entire home/apt,Asheville,3,5,6,2,275
16937997,1498,96187307,Entire home/apt,Asheville,2,0,10,3,300
16937975,1498,96187307,Entire home/apt,Asheville,1,0,4,1,275
16937982,1498,96187307,Entire home/apt,Asheville,1,0,5,2,275
16652322,1498,427027,Entire home/apt,Asheville,13,5,2,0,295
10122830,1498,3838067,Entire home/apt,Asheville,1,0,8,3,290
5507900,1498,28567369,Entire home/apt,Asheville,22,5,5,2,300
15062612,1498,86748234,Entire home/apt,Asheville,9,5,8,3,229
3868452,1498,19697970,Entire home/apt,Asheville,89,5,6,3,245
12266103,1498,24707668,Entire home/apt,Asheville,11,5,4,2,225
16826141,1498,49736754,Entire home/apt,Asheville,4,5,10,2,250
3018908,1498,14991088,Entire home/apt,Asheville,57,5,4,2,262
7853266,1498,41383768,Entire home/apt,Asheville,13,5,6,3,225
6335114,1498,32981845,Entire home/apt,Asheville,13,5,6,2,225
16937973,1498,96187307,Entire home/apt,Asheville,2,0,4,1,250
6741903,1498,8120727,Entire home/apt,Asheville,55,5,6,3,295
15282347,1498,97256862,Entire home/apt,Asheville,34,5,7,3,275
3439245,1498,17308817,Entire home/apt,Asheville,65,4.5,6,3,245
14076438,1498,38060048,Entire home/apt,Asheville,16,5,4,2,250
3741932,1498,19133972,Entire home/apt,Asheville,53,5,4,2,275
16003488,1498,46001530,Entire home/apt,Asheville,5,5,4,1,250
4173713,1498,20973612,Entire home/apt,Asheville,27,5,2,1,240
15507809,1498,89335658,Entire home/apt,Asheville,9,5,2,2,225
1843828,1498,9617701,Entire home/apt,Asheville,54,5,6,2,250
19564042,1498,129158630,Entire home/apt,Asheville,0,0,6,3,245
18104939,1498,90120472,Entire home/apt,Asheville,6,5,6,1,219
8664712,1498,45522770,Entire home/apt,Asheville,59,5,2,1,250
5333015,1498,27580922,Entire home/apt,Asheville,30,5,5,1,250
13893832,1498,22215473,Entire home/apt,Asheville,3,5,2,1,250
5231708,1498,27076457,Entire home/apt,Asheville,54,5,6,3,225
1583423,1498,427027,Entire home/apt,Asheville,36,5,4,2,265
8265544,1498,43536753,Entire home/apt,Asheville,122,5,6,3,210
4994407,1498,25749896,Entire home/apt,Asheville,31,5,6,3,250
17638575,1498,82111852,Entire home/apt,Asheville,10,5,8,2,250
10524188,1498,28629826,Entire home/apt,Asheville,15,5,4,1,225
17648416,1498,1786031,Entire home/apt,Asheville,3,5,2,1,250
17618702,1498,71812166,Entire home/apt,Asheville,14,5,6,3,225
12229453,1498,61981814,Entire home/apt,Asheville,47,5,5,2,250
5885284,1498,14991088,Entire home/apt,Asheville,62,5,4,2,262
12310425,1498,64613905,Entire home/apt,Asheville,24,5,8,3,250
291937,1498,397780,Entire home/apt,Asheville,122,5,2,1,250
19307742,1498,135212332,Entire home/apt,Asheville,2,0,6,3,225
971003,1498,5306734,Entire home/apt,Asheville,93,5,4,2,245
16587446,1498,78507878,Entire home/apt,Asheville,40,5,6,2,250
706115,1498,3605290,Entire home/apt,Asheville,262,5,4,2,250
13388627,1498,32054468,Entire home/apt,Asheville,11,4.5,4,2,200
13514183,1498,32054468,Entire home/apt,Asheville,7,4.5,4,2,200
80905,1498,427027,Entire home/apt,Asheville,67,5,10,2,190
15181949,1498,78726475,Entire home/apt,Asheville,14,4.5,6,2,183
6180513,1498,32054468,Entire home/apt,Asheville,15,4.5,4,2,200
12625582,1498,39878805,Entire home/apt,Asheville,2,0,6,2,200
10263107,1498,52768352,Entire home/apt,Asheville,4,5,2,1,199
2624781,1498,1092030,Entire home/apt,Asheville,1,0,4,2,195
990426,1498,427027,Entire home/apt,Asheville,34,5,5,2,190
14555712,1498,90120472,Entire home/apt,Asheville,9,4.5,4,1,199
14672298,1498,5704967,Entire home/apt,Asheville,30,5,8,2,190
13180224,1498,22763355,Entire home/apt,Asheville,44,5,4,2,190
1499885,1498,8015116,Entire home/apt,Asheville,180,5,2,0,192
13186091,1498,51831860,Entire home/apt,Asheville,30,5,2,1,200
13606248,1498,78726475,Entire home/apt,Asheville,21,4.5,6,2,185
11167742,1498,58101581,Entire home/apt,Asheville,82,5,5,2,185
7998973,1498,23661387,Entire home/apt,Asheville,17,5,4,2,180
14487885,1498,78726475,Entire home/apt,Asheville,25,5,8,3,189
19853896,1498,126414164,Entire home/apt,Asheville,0,0,6,2,189
17403585,1498,117659309,Entire home/apt,Asheville,13,5,9,3,199
13524286,1498,32054468,Entire home/apt,Asheville,9,5,4,2,200
18837080,1498,112156921,Entire home/apt,Asheville,7,4.5,11,3,200
18473371,1498,128125554,Entire home/apt,Asheville,15,5,6,3,200
16832848,1498,81192738,Entire home/apt,Asheville,8,5,6,2,200
8624659,1498,42676282,Entire home/apt,Asheville,97,5,4,0,190
1852818,1498,9674379,Entire home/apt,Asheville,87,5,4,1,160
4815479,1498,1329460,Entire home/apt,Asheville,1,0,2,1,164
5464591,1498,28342264,Entire home/apt,Asheville,78,5,4,2,150
768598,1498,4054572,Entire home/apt,Asheville,72,5,2,1,150
11773647,1498,58867576,Entire home/apt,Asheville,72,5,2,0,175
16603859,1498,8051732,Entire home/apt,Asheville,11,5,2,1,147
6540096,1498,16526258,Entire home/apt,Asheville,10,5,6,2,150
15529984,1498,68810469,Entire home/apt,Asheville,21,4.5,4,2,146
1956037,1498,10110069,Entire home/apt,Asheville,91,5,6,2,150
4484272,1498,23265430,Entire home/apt,Asheville,19,5,8,3,175
13355384,1498,1872084,Entire home/apt,Asheville,44,5,6,2,177
11946709,1498,42432803,Entire home/apt,Asheville,41,5,4,2,150
9182448,1498,47777952,Entire home/apt,Asheville,16,5,3,1,150
8304838,1498,43786749,Entire home/apt,Asheville,5,5,4,1,175
18856970,1498,55577636,Entire home/apt,Asheville,1,0,4,2,175
6056098,1498,31430181,Entire home/apt,Asheville,42,5,3,1,140
15896338,1498,98482510,Entire home/apt,Asheville,14,5,2,1,150
6575162,1498,11706210,Entire home/apt,Asheville,60,5,4,1,155
18443901,1498,7500252,Entire home/apt,Asheville,3,4.5,4,2,158
943832,1498,5107042,Entire home/apt,Asheville,67,4.5,6,3,175
18068399,1498,53939305,Entire home/apt,Asheville,12,5,8,3,180
13017092,1498,71845182,Entire home/apt,Asheville,38,5,4,2,175
14826403,1498,66452479,Entire home/apt,Asheville,40,5,2,1,146
3300523,1498,16669723,Entire home/apt,Asheville,157,5,4,1,140
3445948,1498,3079174,Entire home/apt,Asheville,56,4.5,4,2,142
13308291,1498,39722886,Entire home/apt,Asheville,35,5,6,2,160
2108335,1498,3383961,Entire home/apt,Asheville,162,5,8,3,165
10545022,1498,54379432,Entire home/apt,Asheville,71,5,4,2,150
11475492,1498,60384320,Entire home/apt,Asheville,19,5,2,1,150
11839089,1498,57405998,Entire home/apt,Asheville,43,5,6,3,180
15132111,1498,2033434,Entire home/apt,Asheville,32,5,2,1,150
11686204,1498,8164438,Entire home/apt,Asheville,61,5,5,2,158
18414959,1498,127606094,Entire home/apt,Asheville,1,0,7,3,175
4593058,1498,22763355,Entire home/apt,Asheville,84,5,6,3,159
15678874,1498,4264433,Entire home/apt,Asheville,18,5,6,3,180
19066373,1498,42676282,Entire home/apt,Asheville,2,0,6,2,167
11388248,1498,40784975,Entire home/apt,Asheville,63,5,4,2,175
1709215,1498,9018202,Entire home/apt,Asheville,56,5,4,1,175
7546626,1498,9624164,Entire home/apt,Asheville,61,5,4,2,130
16793633,1498,5761783,Entire home/apt,Asheville,17,5,2,1,128
15055380,1498,95166245,Entire home/apt,Asheville,37,4.5,6,2,150
16977918,1498,4331962,Entire home/apt,Asheville,38,5,6,2,169
16879450,1498,29598359,Entire home/apt,Asheville,11,5,6,3,175
16603497,1498,8051732,Entire home/apt,Asheville,23,5,2,1,149
16477857,1498,108161472,Entire home/apt,Asheville,34,4.5,4,2,149
2477628,1498,8035294,Entire home/apt,Asheville,121,5,5,2,150
19347943,1498,120576549,Entire home/apt,Asheville,2,0,6,3,175
19077911,1498,134554268,Entire home/apt,Asheville,1,0,4,2,150
4174356,1498,11982753,Entire home/apt,Asheville,219,5,4,2,154
6711659,1498,35135871,Entire home/apt,Asheville,98,4.5,4,2,150
15345095,1498,53338225,Entire home/apt,Asheville,36,5,4,1,146
14841361,1498,4911428,Entire home/apt,Asheville,24,5,4,2,150
15806748,1498,30786266,Entire home/apt,Asheville,15,5,2,1,175
18934281,1498,7878412,Entire home/apt,Asheville,5,5,4,2,175
16846899,1498,112183018,Entire home/apt,Asheville,26,5,5,1,140
3821004,1498,473131,Entire home/apt,Asheville,53,4,5,2,135
2165569,1498,1457357,Entire home/apt,Asheville,150,4.5,4,2,120
13074207,1498,9017645,Entire home/apt,Asheville,9,4,3,1,130
17861930,1498,46001530,Entire home/apt,Asheville,23,5,4,1,135
12188215,1498,7938475,Entire home/apt,Asheville,30,5,4,1,125
15091721,1498,46001530,Entire home/apt,Asheville,45,5,2,1,130
13885189,1498,34480315,Entire home/apt,Asheville,16,5,4,2,130
16163635,1498,1482216,Entire home/apt,Asheville,10,5,6,2,135
13726994,1498,62524346,Entire home/apt,Asheville,5,4.5,2,1,125
6713809,1498,4868960,Entire home/apt,Asheville,2,0,4,1,130
18934320,1498,4070927,Entire home/apt,Asheville,1,0,2,1,125
10545839,1498,1766838,Entire home/apt,Asheville,51,5,4,1,139
13225039,1498,74219755,Entire home/apt,Asheville,23,5,4,2,125
10307715,1498,53036499,Entire home/apt,Asheville,2,0,2,1,125
19118629,1498,128125554,Entire home/apt,Asheville,6,5,4,0,140
13348419,1498,57640272,Entire home/apt,Asheville,22,5,4,1,130
6599654,1498,2363511,Entire home/apt,Asheville,72,5,4,2,125
14934441,1498,20943262,Entire home/apt,Asheville,48,5,10,3,140
2454666,1498,10240937,Entire home/apt,Asheville,100,5,4,2,140
14992285,1498,34049461,Entire home/apt,Asheville,9,5,3,2,125
15009504,1498,94713501,Entire home/apt,Asheville,53,5,4,2,139
2925486,1498,14937363,Entire home/apt,Asheville,95,5,4,1,135
19262092,1498,16954978,Entire home/apt,Asheville,2,0,2,1,128
405981,1498,2023465,Entire home/apt,Asheville,181,5,2,1,130
597424,1498,335286,Entire home/apt,Asheville,117,5,6,2,140
17554056,1498,42391889,Entire home/apt,Asheville,5,5,5,2,134
9464561,1498,14338375,Entire home/apt,Asheville,92,5,2,1,135
10884543,1498,56398087,Entire home/apt,Asheville,67,5,4,2,135
11421709,1498,25316948,Entire home/apt,Asheville,75,5,2,1,125
13274313,1498,16465325,Entire home/apt,Asheville,35,5,2,1,135
3563399,1498,10654807,Entire home/apt,Asheville,127,5,2,1,125
6415234,1498,19960302,Entire home/apt,Asheville,27,5,2,1,120
19006372,1498,132605603,Entire home/apt,Asheville,4,4.5,4,2,125
19737109,1498,30982884,Entire home/apt,Asheville,0,0,4,1,125
19531546,1498,48428279,Entire home/apt,Asheville,1,0,4,2,135
19548415,1498,26302902,Entire home/apt,Asheville,1,0,2,1,125
3741771,1498,2392127,Entire home/apt,Asheville,196,5,4,1,125
3369973,1498,12087030,Entire home/apt,Asheville,30,5,4,2,120
15880423,1498,61098873,Entire home/apt,Asheville,17,5,4,2,134
17095670,1498,46001530,Entire home/apt,Asheville,22,5,4,1,140
17917678,1498,122832025,Entire home/apt,Asheville,7,5,2,1,130
14649826,1498,4285304,Entire home/apt,Asheville,56,5,2,1,125
14352724,1498,7827938,Entire home/apt,Asheville,73,5,2,1,125
12871394,1498,7610213,Entire home/apt,Asheville,51,5,4,1,125
16147877,1498,27942972,Entire home/apt,Asheville,32,5,4,2,125
13027063,1498,71960528,Entire home/apt,Asheville,3,5,2,1,135
17140023,1498,115227864,Entire home/apt,Asheville,11,5,4,2,129
17708120,1498,13002007,Entire home/apt,Asheville,19,5,4,1,120
6544722,1498,20446462,Entire home/apt,Asheville,0,0,4,2,110
2072026,1498,8533528,Entire home/apt,Asheville,156,5,3,0,114
18631547,1498,129441443,Entire home/apt,Asheville,2,0,3,1,106
6184213,1498,22418650,Entire home/apt,Asheville,50,5,2,1,110
5716399,1498,2392127,Entire home/apt,Asheville,112,4.5,4,1,115
15510852,1498,46001530,Entire home/apt,Asheville,54,5,2,1,115
3889212,1498,1482216,Entire home/apt,Asheville,45,4.5,2,1,100
2014453,1498,6510905,Entire home/apt,Asheville,315,5,2,1,105
5131525,1498,940569,Entire home/apt,Asheville,56,5,2,1,115
13093505,1498,23092470,Entire home/apt,Asheville,98,5,4,1,111
18784621,1498,46001530,Entire home/apt,Asheville,14,4.5,2,1,105
17240001,1498,31330448,Entire home/apt,Asheville,6,5,2,1,109
18161838,1498,97256862,Entire home/apt,Asheville,6,5,4,1,110
16532936,1498,28704049,Entire home/apt,Asheville,4,4.5,5,3,120
4662490,1498,18085000,Entire home/apt,Asheville,12,5,3,2,109
4362574,1498,21655755,Entire home/apt,Asheville,29,5,2,1,115
18283301,1498,23661387,Entire home/apt,Asheville,3,5,2,1,120
13093999,1498,11307909,Entire home/apt,Asheville,16,5,2,0,109
18087603,1498,16529656,Entire home/apt,Asheville,5,5,2,0,100
14168714,1498,62550138,Entire home/apt,Asheville,34,5,2,1,110
3868910,1498,19977236,Entire home/apt,Asheville,161,4.5,3,1,120
9234967,1498,48002359,Entire home/apt,Asheville,61,5,4,1,110
15091813,1498,95528976,Entire home/apt,Asheville,23,5,2,1,115
6177422,1498,32045149,Entire home/apt,Asheville,115,5,4,2,115
7693393,1498,40309465,Entire home/apt,Asheville,119,5,4,2,100
6823225,1498,7986791,Entire home/apt,Asheville,43,5,2,1,110
7947839,1498,41909545,Entire home/apt,Asheville,203,5,2,1,116
6325103,1498,940569,Entire home/apt,Asheville,60,5,2,1,115
326772,1498,1178227,Entire home/apt,Asheville,49,5,4,1,100
16722395,1498,58608311,Entire home/apt,Asheville,29,5,5,2,110
8443279,1498,18376463,Entire home/apt,Asheville,31,5,2,1,114
4241484,1498,352405,Entire home/apt,Asheville,75,5,5,2,105
15191367,1498,64741123,Entire home/apt,Asheville,50,5,2,1,119
19701203,1498,13347648,Entire home/apt,Asheville,1,0,6,2,115
15647883,1498,98245203,Entire home/apt,Asheville,66,5,2,0,114
13744589,1498,63893801,Entire home/apt,Asheville,82,5,4,2,115
1421061,1498,483350,Entire home/apt,Asheville,87,5,2,1,110
266511,1498,266195,Entire home/apt,Asheville,192,5,3,1,105
18959133,1498,88458465,Entire home/apt,Asheville,8,5,8,3,100
15530268,1498,47647594,Entire home/apt,Asheville,50,5,2,1,119
5262825,1498,27244058,Entire home/apt,Asheville,234,4.5,8,2,107
1950593,1498,6510905,Entire home/apt,Asheville,172,5,2,1,110
5144212,1498,6074062,Entire home/apt,Asheville,175,5,4,0,115
17157429,1498,106315653,Entire home/apt,Asheville,20,5,2,1,109
14496690,1498,10077483,Entire home/apt,Asheville,63,5,6,2,110
16415290,1498,9216883,Entire home/apt,Asheville,89,5,2,1,119
16566334,1498,15086526,Entire home/apt,Asheville,12,5,7,2,114
11609580,1498,3156619,Entire home/apt,Asheville,48,5,2,1,112
6054250,1498,1826173,Entire home/apt,Asheville,272,5,2,1,111
19453046,1498,47352661,Entire home/apt,Asheville,2,0,4,3,120
1039028,1498,4143638,Entire home/apt,Asheville,90,5,4,1,90
13648659,1498,1994122,Entire home/apt,Asheville,64,5,2,1,89
7001873,1498,11298793,Entire home/apt,Asheville,156,5,2,0,88
16141463,1498,9216883,Entire home/apt,Asheville,59,4.5,8,4,89
2214960,1498,11297481,Entire home/apt,Asheville,99,5,2,1,95
13452018,1498,10654807,Entire home/apt,Asheville,8,5,6,2,90
9282426,1498,6618494,Entire home/apt,Asheville,41,5,2,1,81
6791922,1498,4470272,Entire home/apt,Asheville,131,5,2,1,99
1785262,1498,5564999,Entire home/apt,Asheville,204,5,2,1,87
11315898,1498,58379581,Entire home/apt,Asheville,53,5,4,1,99
15231248,1498,15740461,Entire home/apt,Asheville,28,5,4,1,89
16559799,1498,45138420,Entire home/apt,Asheville,35,5,2,0,85
14857013,1498,93023816,Entire home/apt,Asheville,38,5,3,1,86
18370607,1498,18599073,Entire home/apt,Asheville,7,5,5,2,95
17801964,1498,119429203,Entire home/apt,Asheville,12,5,6,1,85
2011367,1498,10349105,Entire home/apt,Asheville,106,5,4,1,94
13326253,1498,1872084,Entire home/apt,Asheville,28,4.5,4,1,89
18040182,1498,39326139,Entire home/apt,Asheville,13,5,4,1,97
13710605,1498,8035294,Entire home/apt,Asheville,27,5,2,1,95
8282917,1498,12054902,Entire home/apt,Asheville,99,5,2,1,98
18504762,1498,128422975,Entire home/apt,Asheville,32,5,3,1,88
12107874,1498,64927386,Entire home/apt,Asheville,91,5,3,1,99
9476164,1498,49114420,Entire home/apt,Asheville,64,5,5,2,94
15475292,1498,89538800,Entire home/apt,Asheville,93,5,2,1,90
13582513,1498,40234911,Entire home/apt,Asheville,43,4.5,2,1,85
15124397,1498,15582281,Entire home/apt,Asheville,64,5,2,1,89
5681510,1498,8237860,Entire home/apt,Asheville,101,5,2,1,85
2708104,1498,11297481,Entire home/apt,Asheville,82,5,2,1,99
19700502,1498,2551548,Entire home/apt,Asheville,1,0,3,1,99
17634705,1498,74769459,Entire home/apt,Asheville,21,5,2,1,99
4875054,1498,14485502,Entire home/apt,Asheville,19,5,2,0,100
3040444,1498,12874214,Entire home/apt,Asheville,177,5,3,1,89
7418991,1498,23092470,Entire home/apt,Asheville,193,5,4,0,89
13108582,1498,996829,Entire home/apt,Asheville,51,5,4,2,80
6480745,1498,6074062,Entire home/apt,Asheville,102,5,6,2,99
14078275,1498,47601149,Entire home/apt,Asheville,38,5,2,0,95
14011745,1498,2718902,Entire home/apt,Asheville,41,5,2,0,89
13373427,1498,3018614,Entire home/apt,Asheville,60,5,2,1,95
17155164,1498,21539203,Entire home/apt,Asheville,25,5,2,0,99
18092896,1498,124606231,Entire home/apt,Asheville,7,5,4,1,95
12433546,1498,45476547,Entire home/apt,Asheville,44,5,4,2,95
12782989,1498,54187184,Entire home/apt,Asheville,64,5,2,1,89
15371871,1498,62996022,Entire home/apt,Asheville,37,5,2,1,90
9757192,1498,50318506,Entire home/apt,Asheville,181,4.5,4,2,94
10900676,1498,9309798,Entire home/apt,Asheville,20,5,2,0,85
18022683,1498,109123783,Entire home/apt,Asheville,13,5,2,1,85
13206560,1498,2307713,Entire home/apt,Asheville,65,5,4,1,97
19412393,1498,133394066,Entire home/apt,Asheville,1,0,5,1,85
2209375,1498,2596933,Entire home/apt,Asheville,84,4.5,6,2,199
16284364,1498,43095235,Entire home/apt,Asheville,10,5,4,2,200
18715985,1498,9216883,Entire home/apt,Asheville,14,5,8,3,189
15192947,1498,21014952,Entire home/apt,Asheville,30,5,2,1,185
4510499,1498,14079532,Entire home/apt,Asheville,0,0,4,3,150
15469734,1498,3982820,Entire home/apt,Asheville,11,5,8,3,165
817865,1498,4295819,Entire home/apt,Asheville,26,5,6,2,160
16446590,1498,427027,Entire home/apt,Asheville,10,5,2,0,143
6715120,1498,35157681,Entire home/apt,Asheville,37,4.5,4,2,160
19620931,1498,98078269,Entire home/apt,Asheville,0,0,2,1,179
3655370,1498,614610,Entire home/apt,Asheville,8,4.5,4,2,149
13684589,1498,79691715,Entire home/apt,Asheville,0,0,6,2,175
3893957,1498,20153731,Entire home/apt,Asheville,11,5,5,3,175
7543799,1498,39527624,Entire home/apt,Asheville,127,5,2,1,88
19188026,1498,47057344,Entire home/apt,Asheville,3,4.5,3,0,91
15422307,1498,98830727,Entire home/apt,Asheville,94,5,3,1,83
12918380,1498,70859007,Entire home/apt,Asheville,31,5,3,1,98
12186372,1498,22215473,Entire home/apt,Asheville,165,5,2,1,89
18422959,1498,127670039,Entire home/apt,Asheville,17,5,4,2,85
18970578,1498,132312496,Entire home/apt,Asheville,4,5,2,0,100
5354494,1498,27754937,Entire home/apt,Asheville,103,4.5,4,2,95
1198090,1498,6559591,Entire home/apt,Asheville,24,5,2,1,85
17697321,1498,93554832,Entire home/apt,Asheville,22,5,2,1,95
13333422,1498,75476230,Entire home/apt,Asheville,29,5,3,1,100
18837674,1498,34304636,Entire home/apt,Asheville,26,5,4,0,99
18326331,1498,122737930,Entire home/apt,Asheville,6,5,2,0,85
10085566,1498,29820165,Entire home/apt,Asheville,3,4.5,2,0,65
18472679,1498,128122319,Entire home/apt,Asheville,1,0,2,1,74
1312301,1498,7130739,Entire home/apt,Asheville,60,4.5,2,1,65
15321136,1498,72717376,Entire home/apt,Asheville,18,5,4,2,69
15953382,1498,30532506,Entire home/apt,Asheville,9,4.5,4,0,76
16602746,1498,71564543,Entire home/apt,Asheville,13,5,6,2,79
13426466,1498,76545940,Entire home/apt,Asheville,12,5,2,0,75
14874362,1498,44879974,Entire home/apt,Asheville,21,5,2,0,80
19246829,1498,134763454,Entire home/apt,Asheville,0,0,1,2,75
751963,1498,3920284,Entire home/apt,Asheville,31,5,6,2,65
15805048,1498,5162286,Entire home/apt,Asheville,28,4.5,5,2,80
6869926,1498,25041828,Entire home/apt,Asheville,125,5,2,1,75
1571095,1498,8345942,Entire home/apt,Asheville,22,5,2,0,75
1297717,1498,614610,Entire home/apt,Asheville,85,4.5,3,1,67
9442229,1498,12574134,Entire home/apt,Asheville,164,5,3,1,80
5506704,1498,28561358,Entire home/apt,Asheville,49,5,3,0,75
4764715,1498,3441402,Entire home/apt,Asheville,194,5,2,1,80
15886048,1498,8625251,Entire home/apt,Asheville,21,5,2,1,79
17787933,1498,12844896,Entire home/apt,Asheville,12,5,4,1,72
1212352,1498,6618494,Entire home/apt,Asheville,152,5,4,1,79
18078208,1498,17000786,Entire home/apt,Asheville,14,4.5,4,1,80
353092,1498,1788071,Entire home/apt,Asheville,338,5,4,1,72
13170678,1498,73538405,Entire home/apt,Asheville,68,5,4,2,80
14334104,1498,52167435,Entire home/apt,Asheville,26,5,4,1,71
17587855,1498,4436576,Entire home/apt,Asheville,16,5,2,1,79
17653835,1498,35987403,Entire home/apt,Asheville,16,5,2,0,60
18322753,1498,101091518,Entire home/apt,Asheville,15,5,4,1,79
11545230,1498,60921853,Entire home/apt,Asheville,84,4.5,5,2,74
6603955,1498,11903858,Entire home/apt,Asheville,65,5,6,2,69
7383921,1498,7423245,Entire home/apt,Asheville,3,5,3,1,73
13136198,1498,71564543,Entire home/apt,Asheville,69,5,4,1,77
15788106,1498,102127332,Entire home/apt,Asheville,20,5,4,2,80
1332684,1498,2799158,Entire home/apt,Asheville,266,4.5,3,1,68
15718256,1498,5230460,Entire home/apt,Asheville,42,4.5,4,1,80
18151750,1498,36948751,Entire home/apt,Asheville,43,5,2,1,75
15844353,1498,739976,Entire home/apt,Asheville,29,4.5,2,1,69
3986614,1498,5656896,Entire home/apt,Asheville,108,5,4,1,70
13372056,1498,18599073,Entire home/apt,Asheville,76,5,4,1,79
17364692,1498,4314310,Entire home/apt,Asheville,43,5,4,1,68
1578831,1498,6618494,Entire home/apt,Asheville,127,4.5,2,1,71
15874312,1498,714507,Entire home/apt,Asheville,7,4.5,6,3,77
8841337,1498,46300912,Entire home/apt,Asheville,58,5,2,1,70
12068190,1498,34112754,Entire home/apt,Asheville,110,5,2,0,68
19032051,1498,119642196,Entire home/apt,Asheville,9,5,4,1,75
660702,1498,3335271,Entire home/apt,Asheville,101,4.5,4,1,75
273534,1498,1178227,Entire home/apt,Asheville,112,5,2,1,68
17649947,1498,71857225,Entire home/apt,Asheville,21,5,2,0,74
7853605,1498,2707302,Entire home/apt,Asheville,97,5,2,1,75
8362668,1498,23163164,Entire home/apt,Asheville,129,5,4,1,70
4394670,1498,22813406,Entire home/apt,Asheville,83,5,4,1,52
17153307,1498,29622653,Entire home/apt,Asheville,0,0,2,1,50
4448604,1498,5656896,Entire home/apt,Asheville,115,5,4,1,49
4394761,1498,20447538,Entire home/apt,Asheville,96,5,4,1,51
18992152,1498,4148982,Entire home/apt,Asheville,2,0,3,0,59
14203513,1498,3578821,Entire home/apt,Asheville,67,5,3,1,55
17892316,1498,23586085,Entire home/apt,Asheville,24,5,3,2,57
8304698,1498,43785888,Entire home/apt,Asheville,131,5,1,0,54
19406211,1498,47709386,Entire home/apt,Asheville,1,0,2,0,49
19622621,1498,121394080,Entire home/apt,Asheville,1,0,3,1,42
19194972,1498,36222316,Entire home/apt,Asheville,10,5,2,1,55
19050500,1498,28404139,Entire home/apt,Asheville,10,5,3,1,47
295496,1498,1501882,Entire home/apt,Asheville,26,4.5,2,1,37
19359928,1498,40736636,Entire home/apt,Asheville,2,0,2,0,39
14466206,1498,21655384,Private room,Asheville,11,5,6,2,87
17924964,1498,375717,Private room,Asheville,6,5,4,1,75
17591050,1498,119510171,Private room,Asheville,38,5,4,1,69
15236207,1498,96860672,Private room,Asheville,8,5,3,2,50
1574329,1498,3736218,Private room,Asheville,1,0,2,1,129
10583310,1498,43095235,Private room,Asheville,17,5,2,1,127
18404153,1498,96305927,Private room,Asheville,9,4.5,4,1,85
13224612,1498,59215839,Private room,Asheville,5,4.5,2,1,85
2411109,1498,7535860,Private room,Asheville,391,5,2,1,88
7556089,1498,37942362,Private room,Asheville,31,5,3,2,83
18471514,1498,7765711,Private room,Asheville,5,5,5,2,90
1219374,1498,1286364,Private room,Asheville,40,5,5,3,85
5114762,1498,21362898,Private room,Asheville,214,5,5,2,95
15701324,1498,4782147,Private room,Asheville,35,5,2,1,95
12600829,1498,487495,Private room,Asheville,55,4.5,5,2,90
15327549,1498,70854260,Private room,Asheville,12,5,2,1,80
17039544,1498,114343280,Private room,Asheville,1,0,2,1,80
18149094,1498,124832793,Private room,Asheville,18,5,2,1,79
7676458,1498,40309465,Private room,Asheville,10,4.5,2,1,75
11553531,1498,48937991,Private room,Asheville,35,5,2,1,75
17697704,1498,120576549,Private room,Asheville,2,0,2,1,75
13779774,1498,4195893,Private room,Asheville,14,4.5,2,1,80
14884461,1498,34480315,Private room,Asheville,29,5,2,1,70
15419328,1498,61098873,Private room,Asheville,4,5,2,1,79
18405483,1498,96305927,Private room,Asheville,8,5,4,1,70
17206606,1498,64607524,Private room,Asheville,8,4.5,2,1,75
4129119,1498,21420468,Private room,Asheville,216,5,2,1,72
1116718,1498,6128731,Private room,Asheville,35,4.5,4,1,75
6276575,1498,10563672,Private room,Asheville,34,5,2,1,68
19488765,1498,111139610,Private room,Asheville,0,0,2,1,70
17763081,1498,120576549,Private room,Asheville,1,0,3,1,75
17653810,1498,120124735,Private room,Asheville,10,5,2,1,70
18021723,1498,39080349,Private room,Asheville,6,4.5,2,1,64
6170347,1498,32013434,Private room,Asheville,115,5,2,1,62
11842218,1498,59243961,Private room,Asheville,73,5,2,1,80
10232448,1498,6773853,Private room,Asheville,124,5,2,1,65
5532718,1498,1994122,Private room,Asheville,99,5,2,1,69
3403609,1498,17164920,Private room,Asheville,159,5,2,1,78
3563156,1498,653292,Private room,Asheville,10,5,2,1,55
18895583,1498,30561048,Private room,Asheville,5,4,2,1,60
14466985,1498,89153937,Private room,Asheville,73,4.5,2,1,42
19874293,1498,13773642,Private room,Asheville,0,0,2,1,53
17251841,1498,40593086,Private room,Asheville,8,4.5,4,2,55
13674901,1498,57323381,Private room,Asheville,39,5,2,1,55
17512161,1498,56721223,Private room,Asheville,9,5,2,1,34
16193923,1498,8305724,Private room,Asheville,48,5,2,1,39
17647641,1498,1786031,Private room,Asheville,0,0,2,1,329
17638102,1498,1786031,Private room,Asheville,0,0,2,1,209
17638362,1498,1786031,Private room,Asheville,0,0,2,1,209
17544153,1498,1786031,Private room,Asheville,0,0,2,1,209
17647506,1498,1786031,Private room,Asheville,0,0,2,1,289
2643168,1498,13532421,Private room,Asheville,0,0,2,1,259
6817616,1498,35698851,Private room,Asheville,2,0,2,1,249
17638617,1498,1786031,Private room,Asheville,0,0,2,1,259
1275224,1498,379759,Private room,Asheville,155,5,4,2,225
8030827,1498,41655102,Private room,Asheville,24,5,2,1,200
17508576,1498,1786031,Private room,Asheville,0,0,2,1,199
912814,1498,4898847,Private room,Asheville,17,5,2,1,159
15510618,1498,4898847,Private room,Asheville,1,0,2,1,144
8453951,1498,433914,Private room,Asheville,26,5,2,1,145
19263483,1498,134882412,Private room,Asheville,0,0,2,1,170
19588532,1498,137685708,Private room,Asheville,0,0,2,1,165
723349,1498,3736218,Private room,Asheville,3,4,2,1,150
13692771,1498,47835132,Private room,Asheville,5,4.5,2,1,150
5355078,1498,4898847,Private room,Asheville,6,5,2,1,159
13044640,1498,21362898,Private room,Asheville,3,4.5,5,2,160
8206090,1498,433914,Private room,Asheville,27,5,2,1,145
12337432,1498,1786816,Private room,Asheville,20,5,3,1,149
12470763,1498,43095235,Private room,Asheville,15,5,3,1,147
6431917,1498,433914,Private room,Asheville,8,4.5,2,1,140
13203770,1498,47835132,Private room,Asheville,11,5,2,1,135
15444450,1498,15904121,Private room,Asheville,10,5,4,2,129
15867765,1498,102070094,Private room,Asheville,71,5,2,1,135
80331,1498,433914,Private room,Asheville,57,5,2,1,125
11510567,1498,60649962,Private room,Asheville,43,5,4,2,130
10496778,1498,53452439,Private room,Asheville,19,4,2,1,105
9363548,1498,20578434,Private room,Asheville,47,5,2,1,102
6275127,1498,32613681,Private room,Asheville,34,5,2,1,100
14448789,1498,5704967,Private room,Asheville,13,5,2,1,120
10496018,1498,53452439,Private room,Asheville,26,4.5,2,1,105
3961524,1498,20115578,Private room,Asheville,86,5,4,1,105
17552287,1498,119106320,Private room,Asheville,0,0,4,1,100
16476358,1498,41653391,Private room,Asheville,36,5,2,1,106
15579134,1498,17118860,Private room,Asheville,26,5,2,1,100
18308869,1498,96305927,Private room,Asheville,1,0,2,1,85
10014090,1498,7696364,Private room,Asheville,0,0,1,1,85
18308309,1498,96305927,Private room,Asheville,2,0,2,1,85
17326028,1498,28424329,Private room,Asheville,0,0,2,1,100
13345957,1498,75624183,Private room,Asheville,17,5,3,1,85
13877850,1498,25666840,Entire home/apt,Asheville,12,5,2,1,110
3066648,1498,15605872,Entire home/apt,Asheville,106,5,2,1,105
6452410,1498,16023445,Entire home/apt,Asheville,80,5,2,1,111
19561946,1498,46001530,Entire home/apt,Asheville,5,4,2,1,100
6972023,1498,7500252,Entire home/apt,Asheville,49,4.5,2,1,108
15339276,1498,53338225,Entire home/apt,Asheville,32,5,3,1,118
16350883,1498,5885539,Entire home/apt,Asheville,69,5,2,1,119
2862546,1498,2199222,Entire home/apt,Asheville,39,5,2,1,95
11962915,1498,11931132,Entire home/apt,Asheville,6,5,3,1,80
11730986,1498,62394895,Entire home/apt,Asheville,23,4.5,3,1,92
17718592,1498,5850001,Entire home/apt,Asheville,9,5,5,3,99
3812110,1498,16100290,Entire home/apt,Asheville,23,5,5,2,80
2432326,1498,12432758,Entire home/apt,Asheville,136,5,2,0,89
18121899,1498,42518767,Entire home/apt,Asheville,13,5,4,1,99
284690,1498,1482216,Entire home/apt,Asheville,31,4.5,4,1,100
19696886,1498,137704016,Entire home/apt,Asheville,2,0,5,2,100
14472996,1498,70760275,Entire home/apt,Asheville,0,0,6,2,100
15193075,1498,13489440,Entire home/apt,Asheville,46,5,3,1,89
2943116,1498,15025836,Entire home/apt,Asheville,102,5,2,1,100
1878997,1498,6705868,Entire home/apt,Asheville,10,5,2,1,90
12810440,1498,69842230,Entire home/apt,Asheville,3,5,2,1,95
8225458,1498,43374163,Entire home/apt,Asheville,1,0,4,3,93
17036413,1498,52034787,Entire home/apt,Asheville,7,5,4,2,93
15336786,1498,7954589,Entire home/apt,Asheville,25,5,5,2,85
18915785,1498,119766721,Entire home/apt,Asheville,8,4.5,2,1,80
11738931,1498,48021061,Entire home/apt,Asheville,35,5,4,1,99
15913848,1498,99275644,Entire home/apt,Asheville,19,4.5,4,2,100
14824098,1498,18061874,Entire home/apt,Asheville,36,5,4,0,100
13734324,1498,3655003,Entire home/apt,Asheville,17,4.5,6,1,90
155305,1498,746673,Entire home/apt,Asheville,128,4.5,3,1,100
19619169,1498,137989439,Entire home/apt,Asheville,0,0,3,1,100
6290666,1498,21539203,Entire home/apt,Asheville,136,5,3,1,99
8721288,1498,45774017,Entire home/apt,Asheville,76,5,5,2,100
11925721,1498,19704488,Entire home/apt,Asheville,0,0,3,0,99
3302863,1498,7975333,Entire home/apt,Asheville,95,5,4,2,99
11259371,1498,5620417,Entire home/apt,Asheville,107,4.5,4,1,89
12400514,1498,31012477,Entire home/apt,Asheville,100,5,4,1,100
4249688,1498,5804140,Entire home/apt,Asheville,201,5,3,1,99
13897752,1498,5522792,Private room,Asheville,7,5,2,1,99
19552722,1498,120213052,Private room,Asheville,0,0,2,1,90
18389884,1498,96305927,Private room,Asheville,0,0,2,1,85
16505517,1498,24671631,Private room,Asheville,3,4.5,2,1,85
19270494,1498,99486090,Private room,Asheville,0,0,2,1,100
6576184,1498,2208876,Private room,Asheville,26,5,2,1,100
6571452,1498,2208876,Private room,Asheville,55,5,2,1,100
6303415,1498,2208876,Private room,Asheville,51,5,2,1,100
15174633,1498,96305927,Private room,Asheville,10,4,2,1,85
6148442,1498,2208876,Private room,Asheville,39,5,2,1,100
18406520,1498,96305927,Private room,Asheville,3,4.5,4,1,85
6305325,1498,2208876,Private room,Asheville,24,5,2,1,100
15355010,1498,3677108,Private room,Asheville,23,5,2,1,80
14186791,1498,793766,Private room,Asheville,33,5,2,1,85
6072952,1498,6473937,Private room,Asheville,26,5,2,1,95
16060869,1498,36518892,Private room,Asheville,40,5,2,1,89
6988335,1498,36601941,Private room,Asheville,0,0,2,1,100
18907430,1498,2285909,Private room,Asheville,11,5,3,2,99
17599648,1498,66512630,Private room,Asheville,4,5,2,1,85
16733596,1498,1884805,Private room,Asheville,45,5,2,1,92
13974448,1498,63413993,Private room,Asheville,25,5,3,1,90
638349,1498,2799158,Private room,Asheville,8,4.5,2,1,85
14979640,1498,586186,Private room,Asheville,7,5,4,2,100
15599108,1498,100533783,Private room,Asheville,14,5,2,1,100
3888565,1498,20115578,Private room,Asheville,77,5,2,1,95
6413234,1498,16207642,Private room,Asheville,38,4.5,2,1,95
17494425,1498,96812198,Private room,Asheville,1,0,6,2,90
18460004,1498,127993743,Private room,Asheville,3,5,2,1,85
15172815,1498,47287566,Private room,Asheville,6,5,4,1,90
5804994,1498,30116543,Private room,Asheville,28,5,3,1,84
14976451,1498,3677108,Private room,Asheville,11,5,2,1,85
3888845,1498,1994122,Private room,Asheville,152,5,2,1,99
4145255,1498,21504355,Private room,Asheville,65,5,5,2,98
8193368,1498,36614639,Private room,Asheville,72,5,3,1,99
1586906,1498,5601328,Private room,Asheville,116,5,2,1,85
12782770,1498,69562008,Private room,Asheville,43,5,4,1,85
9062255,1498,47271331,Private room,Asheville,106,5,2,1,95
13359588,1498,75624183,Private room,Asheville,29,5,3,1,85
6135386,1498,2208876,Private room,Asheville,60,5,2,1,100
5917298,1498,30728739,Private room,Asheville,130,4.5,5,2,95
8634354,1498,45401193,Private room,Asheville,110,5,2,1,85
16627563,1498,30073217,Private room,Asheville,21,5,2,1,80
1497710,1498,2326321,Private room,Asheville,100,5,2,1,85
18566844,1498,3868549,Private room,Asheville,11,5,2,1,85
12914462,1498,7748759,Private room,Asheville,49,5,2,1,95
495111,1498,12874214,Private room,Asheville,175,5,2,1,82
16909568,1498,112888161,Private room,Asheville,14,4.5,2,0,89
6964842,1498,36518892,Private room,Asheville,95,5,2,1,99
14773557,1498,91165219,Private room,Asheville,44,5,4,2,89
6503015,1498,1884805,Private room,Asheville,190,5,2,1,92
18776404,1498,2285909,Private room,Asheville,15,5,2,1,99
12835184,1498,8089511,Private room,Asheville,56,5,2,1,89
18018230,1498,37159729,Private room,Asheville,23,5,2,1,90
17602726,1498,93554832,Private room,Asheville,19,5,2,1,95
10684883,1498,6583971,Private room,Asheville,65,5,2,1,85
7966916,1498,14686944,Private room,Asheville,82,5,3,1,85
11947108,1498,10329649,Private room,Asheville,55,5,4,2,90
156805,1498,746673,Private room,Asheville,35,4.5,2,1,65
2793430,1498,614610,Private room,Asheville,8,4.5,2,1,79
19128809,1498,124637972,Private room,Asheville,0,0,1,0,61
3697394,1498,8716267,Private room,Asheville,23,4.5,2,1,65
12602192,1498,1452251,Private room,Asheville,13,5,2,1,80
19171673,1498,10032349,Private room,Asheville,2,0,2,1,75
11208688,1498,58373542,Private room,Asheville,11,4.5,2,1,65
180510,1498,864804,Private room,Asheville,6,4.5,2,2,75
13900600,1498,59215839,Private room,Asheville,6,5,2,1,75
17619581,1498,5967726,Private room,Asheville,3,5,2,1,70
4363562,1498,124885,Private room,Asheville,36,5,2,1,63
67870,1498,335286,Private room,Asheville,178,5,2,1,80
14671973,1498,5704967,Private room,Asheville,17,5,2,1,80
15110411,1498,10077483,Private room,Asheville,12,5,2,1,75
19137905,1498,107292420,Private room,Asheville,0,0,2,1,65
18308656,1498,96305927,Private room,Asheville,1,0,2,1,70
18308979,1498,96305927,Private room,Asheville,2,0,2,1,70
8505396,1498,44110683,Private room,Asheville,49,4.5,4,1,80
13432061,1498,65522713,Private room,Asheville,35,5,2,1,63
14715823,1498,31470010,Private room,Asheville,30,5,4,1,66
18057215,1498,36222316,Private room,Asheville,1,0,4,2,65
14737870,1498,91795856,Private room,Asheville,30,5,4,1,80
5947797,1498,30878733,Private room,Asheville,14,5,2,1,65
18309080,1498,96305927,Private room,Asheville,1,0,2,1,70
1415137,1498,7625694,Private room,Asheville,256,4.5,2,1,79
6399802,1498,7625694,Private room,Asheville,179,5,2,1,79
18117417,1498,124832793,Private room,Asheville,15,5,2,1,79
1054757,1498,5199086,Private room,Asheville,143,5,2,2,65
18545469,1498,111139610,Private room,Asheville,0,0,6,1,65
4191204,1498,21702976,Private room,Asheville,264,5,2,1,65
12615474,1498,43046775,Private room,Asheville,29,5,2,1,67
1827412,1498,7625694,Private room,Asheville,244,4.5,2,1,79
1076053,1498,2726966,Private room,Asheville,98,5,2,1,63
19912932,1498,141036151,Private room,Asheville,0,0,2,1,65
7045303,1498,6676667,Private room,Asheville,41,5,2,1,79
1441145,1498,5761783,Private room,Asheville,160,5,2,1,78
2213748,1498,1994122,Private room,Asheville,161,5,2,1,69
16528135,1498,108706232,Private room,Asheville,1,0,2,1,70
213006,1498,1098412,Private room,Asheville,84,5,3,2,63
18525895,1498,10111189,Private room,Asheville,3,5,2,1,75
19733975,1498,19692327,Private room,Asheville,0,0,2,1,70
4183263,1498,21702976,Private room,Asheville,196,5,2,1,65
16267550,1498,106302016,Private room,Asheville,36,4.5,4,1,65
12809255,1498,69829206,Private room,Asheville,2,0,2,1,65
1127777,1498,6187751,Private room,Asheville,147,5,2,1,61
13236835,1498,64318627,Private room,Asheville,18,5,2,1,65
10366140,1498,10216494,Private room,Asheville,58,5,2,1,75
8051829,1498,42522378,Private room,Asheville,55,4.5,2,1,70
12122743,1498,11931132,Private room,Asheville,0,0,2,1,44
13216889,1498,8552617,Private room,Asheville,20,5,1,1,48
5598622,1498,29027252,Private room,Asheville,169,5,2,1,54
11452465,1498,59792344,Private room,Asheville,13,5,4,1,52
12430937,1498,30768451,Private room,Asheville,62,5,2,1,60
14555658,1498,29536562,Private room,Asheville,5,5,3,1,58
257865,1498,1356526,Private room,Asheville,48,4.5,2,1,60
18264441,1498,67787434,Private room,Asheville,0,0,2,1,45
18714256,1498,42420296,Private room,Asheville,5,5,2,1,40
11078421,1498,1356526,Private room,Asheville,26,4.5,2,1,60
9382487,1498,21039179,Private room,Asheville,115,5,2,1,46
13251709,1498,73994689,Private room,Asheville,79,5,2,1,55
11739534,1498,62453469,Private room,Asheville,0,0,2,1,40
12600850,1498,487495,Private room,Asheville,132,5,3,1,49
2142139,1498,5564999,Private room,Asheville,43,5,2,1,55
19518570,1498,16708334,Private room,Asheville,0,0,2,0,60
563189,1498,1353021,Private room,Asheville,142,4.5,2,1,50
8085716,1498,37087591,Private room,Asheville,64,4.5,2,1,51
16984015,1498,1522870,Private room,Asheville,26,5,2,1,44
15083470,1498,73734820,Private room,Asheville,52,5,3,1,57
4464909,1498,1834623,Private room,Asheville,129,5,2,1,44
2192480,1498,6705868,Private room,Asheville,13,5,1,1,55
14577879,1498,5489001,Private room,Asheville,14,5,2,1,50
1325364,1498,7193579,Private room,Asheville,198,5,2,1,60
19761806,1498,28942198,Private room,Asheville,0,0,2,1,47
18626802,1498,112169585,Private room,Asheville,2,0,2,0,55
9009030,1498,47043737,Private room,Asheville,9,5,2,1,44
14491387,1498,89441214,Private room,Asheville,59,5,2,1,55
14357819,1498,88021341,Private room,Asheville,31,4.5,4,1,55
19843441,1498,5064885,Private room,Asheville,0,0,1,1,58
674894,1498,614610,Private room,Asheville,104,4.5,2,1,45
13209065,1498,74038380,Private room,Asheville,31,5,2,1,58
16384751,1498,106333993,Private room,Asheville,15,5,2,1,50
15817222,1498,57405998,Private room,Asheville,26,5,2,1,45
15437202,1498,98990072,Private room,Asheville,20,5,2,1,50
14738243,1498,65772530,Private room,Asheville,37,5,2,1,48
17476061,1498,113604576,Private room,Asheville,12,5,4,2,54
16228218,1498,106048558,Private room,Asheville,28,4.5,2,1,52
8030058,1498,33652614,Private room,Asheville,25,5,2,1,55
2064636,1498,10563672,Private room,Asheville,95,5,2,1,55
6813265,1498,31436003,Private room,Asheville,63,4.5,2,1,58
6600986,1498,9462156,Private room,Asheville,57,5,2,1,49
14295265,1498,15474239,Private room,Asheville,24,5,2,1,55
3781780,1498,19403133,Private room,Asheville,82,5,2,1,45
13617638,1498,78848973,Private room,Asheville,64,5,2,1,59
16997036,1498,43374163,Private room,Asheville,23,4.5,2,0,44
5873862,1498,30501147,Private room,Asheville,143,5,2,1,45
10700627,1498,47803024,Private room,Asheville,58,4.5,2,1,57
8782463,1498,11246730,Private room,Asheville,114,4.5,4,1,44
3089882,1498,5581771,Private room,Asheville,163,5,2,1,55
10635789,1498,21702831,Private room,Asheville,71,5,4,1,45
7001662,1498,19159885,Private room,Asheville,237,5,4,1,45
6880952,1498,30160587,Private room,Asheville,163,5,2,1,45
14450544,1498,409920,Private room,Asheville,25,5,2,1,47
5537769,1498,28402689,Private room,Asheville,203,5,2,1,50
12281167,1498,3562687,Private room,Asheville,19,5,2,1,46
7895827,1498,29185580,Private room,Asheville,106,5,2,1,60
16859151,1498,23032871,Private room,Asheville,37,5,2,1,40
3521019,1498,5046816,Private room,Asheville,64,5,4,1,54
6145162,1498,7625694,Private room,Asheville,108,5,1,1,49
12599311,1498,487495,Private room,Asheville,160,5,2,1,49
10221570,1498,27120946,Private room,Asheville,95,5,1,1,55
15230720,1498,96812198,Private room,Asheville,63,5,3,1,58
15703274,1498,7019302,Private room,Asheville,64,5,2,1,42
13209712,1498,73994689,Private room,Asheville,73,5,2,1,55
14632829,1498,31436003,Private room,Asheville,12,5,2,1,58
15677037,1498,21039179,Private room,Asheville,64,5,2,1,46
695196,1498,3552264,Private room,Asheville,602,4.5,2,1,57
13725727,1498,10299027,Private room,Asheville,5,5,2,1,45
15884208,1498,68810469,Private room,Asheville,12,5,2,1,60
19711006,1498,138900228,Private room,Asheville,0,0,2,1,42
17891904,1498,56642643,Private room,Asheville,15,5,2,1,58
16742264,1498,57405998,Private room,Asheville,13,5,2,1,50
4917118,1498,27482683,Private room,Asheville,125,5,2,1,80
2847157,1498,12866312,Private room,Asheville,172,5,2,1,79
12290379,1498,21702831,Private room,Asheville,78,5,6,1,67
6698737,1498,29622653,Private room,Asheville,140,5,2,1,68
14731928,1498,1994122,Private room,Asheville,42,5,2,1,69
15859281,1498,12987820,Private room,Asheville,53,5,2,1,75
17116810,1498,114884102,Private room,Asheville,26,5,2,1,68
8576671,1498,124020502,Private room,Asheville,78,5,5,1,75
18122227,1498,124879173,Private room,Asheville,6,5,2,1,65
15268297,1498,43046775,Private room,Asheville,24,5,2,1,77
19809125,1498,49572070,Private room,Asheville,0,0,4,1,65
17773135,1498,90363024,Private room,Asheville,32,5,2,1,62
11440752,1498,59243961,Private room,Asheville,64,5,2,1,65
18502022,1498,58634762,Private room,Asheville,0,0,2,0,64
19227583,1498,52404494,Private room,Asheville,3,5,2,1,70
13556933,1498,78069256,Private room,Asheville,62,5,2,1,65
12251952,1498,7827938,Private room,Asheville,59,5,2,1,77
1702227,1498,5199086,Private room,Asheville,175,5,2,1,65
14652591,1498,46663867,Private room,Asheville,35,5,2,1,70
18670372,1498,571313,Private room,Asheville,12,5,2,1,60
18374305,1498,8363482,Private room,Asheville,12,5,2,1,79
18017043,1498,37159729,Private room,Asheville,24,5,2,1,75
2296152,1498,7535860,Private room,Asheville,430,5,2,1,73
14547745,1498,3875569,Private room,Asheville,45,5,2,1,80
7367841,1498,38605852,Private room,Asheville,158,5,2,1,65
18510280,1498,87397,Private room,Asheville,21,5,2,1,65
942934,1498,5100332,Private room,Asheville,294,5,2,1,62
16810083,1498,84799065,Private room,Asheville,84,5,2,1,70
9826677,1498,1330459,Private room,Asheville,69,5,2,1,75
18395523,1498,44038705,Private room,Asheville,21,5,2,1,69
6818139,1498,7625694,Private room,Asheville,192,5,2,1,79
15664695,1498,101143740,Private room,Asheville,48,5,4,1,65
10632884,1498,54888484,Private room,Asheville,97,5,2,1,68
2254521,1498,546222,Private room,Asheville,28,4.5,2,1,57
13924283,1498,10238283,Private room,Asheville,28,5,2,1,60
4304358,1498,637074,Private room,Asheville,18,4.5,2,1,60
4285157,1498,637074,Private room,Asheville,17,5,2,1,60
19695841,1498,138751004,Private room,Asheville,0,0,3,1,50
19221520,1498,134537627,Private room,Asheville,2,0,2,1,45
8454897,1498,21007490,Private room,Asheville,36,5,1,1,45
12425483,1498,8631226,Private room,Asheville,20,4.5,2,1,44
9807236,1498,15952144,Private room,Asheville,0,0,1,1,28
16794735,1498,110056403,Private room,Asheville,26,5,3,1,40
18432514,1498,1570381,Private room,Asheville,4,5,2,1,33
13429651,1498,19159885,Private room,Asheville,160,5,2,1,40
17975156,1498,36222316,Private room,Asheville,47,5,2,1,35
17560770,1498,4952065,Private room,Asheville,5,4,2,1,20
13333648,1498,75479549,Private room,Asheville,0,0,3,1,30
8656299,1498,1834585,Private room,Asheville,93,5,2,1,34
12190423,1498,65522713,Private room,Asheville,28,4.5,2,1,40
18753699,1498,8631226,Private room,Asheville,1,0,2,1,40
16186167,1498,48579050,Private room,Asheville,7,4.5,2,1,36
1970542,1498,10175050,Private room,Asheville,10,5,2,1,40
18177513,1498,54399704,Private room,Asheville,1,0,4,1,39
17795951,1498,5999630,Private room,Asheville,4,5,2,1,40
1577750,1498,8386107,Private room,Asheville,124,5,2,1,32
15297764,1498,36222316,Private room,Asheville,30,5,2,1,40
9884274,1498,7981022,Private room,Asheville,75,5,1,1,38
14357005,1498,61661019,Private room,Asheville,89,5,3,1,35
15757654,1498,101872826,Private room,Asheville,17,5,1,1,35
8366456,1498,6447255,Private room,Asheville,24,5,3,1,29
15728861,1498,13865975,Private room,Asheville,12,5,2,1,35
7850593,1498,1834585,Private room,Asheville,121,5,2,1,34
15450160,1498,99104836,Private room,Asheville,101,5,2,1,34
653777,1498,1353021,Private room,Asheville,99,5,1,1,33
18343468,1498,6732523,Private room,Asheville,5,5,2,1,30
16002088,1498,3552264,Private room,Asheville,31,5,2,1,38